country,year,avg temperature,max temperature,min temperature,gap temperature
Albania,2007,61.32939560439561,90.5,35.0,55.5
Albania,2009,61.156232686980616,83.2,35.8,47.400000000000006
Albania,2010,60.568767123287664,84.0,30.7,53.3
Albania,2011,59.9186301369863,82.0,34.0,48.0
Albania,2012,60.31972602739726,82.7,27.9,54.800000000000004
Albania,2013,60.4131506849315,82.0,35.0,47.0
Albania,2014,60.65302197802198,80.8,31.6,49.199999999999996
Albania,2015,60.964285714285715,86.6,31.5,55.099999999999994
Albania,2016,60.732596685082875,87.2,31.5,55.7
Albania,2017,60.38465753424658,85.9,24.9,61.00000000000001
Albania,2018,62.09611111111111,82.5,34.9,47.6
Albania,2019,61.668055555555554,84.8,29.1,55.699999999999996
Albania,2020,51.15970149253731,68.5,34.1,34.4
Algeria,2010,64.26821917808219,82.9,41.3,41.60000000000001
Algeria,2011,64.96082191780822,92.2,39.4,52.800000000000004
Algeria,2012,64.29043715846994,86.7,34.6,52.1
Algeria,2014,65.64697802197803,86.8,45.8,41.0
Algeria,2016,65.31187845303867,87.5,47.1,40.4
Algeria,2017,64.9958904109589,93.1,41.8,51.3
Algeria,2018,64.41944444444445,82.6,43.6,38.99999999999999
Algeria,2019,64.99275766016713,91.6,43.9,47.699999999999996
Algeria,2020,58.03432835820896,72.7,45.4,27.300000000000004
Argentina,2006,62.68794520547945,86.9,38.0,48.900000000000006
Argentina,2007,61.32142857142857,87.9,35.4,52.50000000000001
Argentina,2008,63.35576923076923,86.5,39.3,47.2
Argentina,2009,63.01483516483517,86.1,35.5,50.599999999999994
Argentina,2010,63.00630136986301,85.6,35.3,50.3
Argentina,2011,63.235342465753426,83.9,36.8,47.10000000000001
Argentina,2012,63.72513661202186,88.3,37.7,50.599999999999994
Argentina,2013,62.880547945205485,88.5,37.0,51.5
Argentina,2014,63.61369863013699,90.9,39.9,51.00000000000001
Argentina,2015,63.82554945054945,86.0,40.6,45.4
Argentina,2016,62.193939393939395,87.1,40.3,46.8
Argentina,2017,64.13780821917808,85.8,39.2,46.599999999999994
Argentina,2018,63.474722222222226,88.1,37.9,50.199999999999996
Argentina,2019,63.07130919220055,87.4,39.0,48.400000000000006
Argentina,2020,69.98432835820896,84.9,46.5,38.400000000000006
Australia,2005,62.712931506849316,90.0,37.2,52.8
Australia,2007,63.26450549450549,93.0,33.4,59.6
Australia,2008,62.13676389653275,90.7,35.5,55.2
Australia,2010,62.71435616438356,96.3,36.5,59.8
Australia,2011,62.53884931506849,92.8,33.9,58.9
Australia,2012,62.255683060109284,92.1,34.1,57.99999999999999
Australia,2013,63.38265642151482,91.6,36.2,55.39999999999999
Australia,2014,63.48395604395605,95.9,34.5,61.400000000000006
Australia,2015,63.06362637362638,92.2,33.4,58.800000000000004
Australia,2016,63.408222958057394,95.2,34.5,60.7
Australia,2017,63.45564692982457,89.8,33.7,56.099999999999994
Australia,2018,63.26409972299169,89.8,32.6,57.199999999999996
Australia,2019,63.87577951002227,93.8,36.1,57.699999999999996
Australia,2020,68.71641791044776,93.2,38.8,54.400000000000006
Austria,2006,51.235342465753426,80.2,6.0,74.2
Austria,2008,52.591232876712326,78.4,22.2,56.2
Austria,2010,49.25068493150685,80.9,12.8,68.10000000000001
Austria,2011,51.27945205479452,81.0,18.8,62.2
Austria,2012,51.911475409836065,84.0,9.9,74.1
Austria,2013,51.42630136986301,86.2,16.3,69.9
Austria,2014,53.35302197802198,78.9,17.8,61.10000000000001
Austria,2015,53.472802197802196,84.1,25.4,58.699999999999996
Austria,2016,52.10826446280991,80.2,19.8,60.400000000000006
Austria,2017,52.351506849315065,83.5,15.0,68.5
Austria,2018,53.78895027624309,81.0,13.2,67.8
Austria,2019,53.912222222222226,82.3,20.1,62.199999999999996
Austria,2020,44.92462686567164,65.7,25.6,40.1
Bahrain,2009,81.4043956043956,100.6,53.9,46.699999999999996
Bahrain,2010,82.9268493150685,101.6,59.7,41.89999999999999
Bahrain,2011,80.92,101.0,59.0,42.0
Bahrain,2012,81.68415300546448,103.3,53.0,50.3
Bahrain,2013,81.20438356164384,100.5,58.5,42.0
Bahrain,2014,82.0739010989011,100.5,57.2,43.3
Bahrain,2015,82.61538461538461,101.7,57.3,44.400000000000006
Bahrain,2016,82.12790055248618,101.4,53.3,48.10000000000001
Bahrain,2017,82.6358904109589,101.8,51.7,50.099999999999994
Bahrain,2019,82.96350974930363,102.9,59.5,43.400000000000006
Bahrain,2020,72.23880597014926,93.5,54.1,39.4
Bangladesh,2006,79.3555944055944,89.1,57.8,31.299999999999997
Bangladesh,2007,78.11386138613861,90.1,56.7,33.39999999999999
Bangladesh,2008,75.64156626506023,88.3,59.4,28.9
Bangladesh,2009,79.02384341637011,89.9,62.6,27.300000000000004
Bangladesh,2010,80.83544776119403,90.0,55.5,34.5
Belarus,2006,45.167671232876714,81.0,-15.8,96.8
Belarus,2007,46.755096418732776,81.6,0.2,81.39999999999999
Belarus,2008,46.972802197802196,79.8,5.8,74.0
Belarus,2009,45.01675824175824,77.8,-4.0,81.8
Belarus,2010,44.886575342465754,82.3,-5.8,88.1
Belarus,2011,46.5117808219178,78.4,0.5,77.9
Belarus,2012,45.111748633879785,81.9,-12.0,93.9
Belarus,2013,46.32,78.0,2.8,75.2
Belarus,2014,46.8206043956044,81.5,-4.3,85.8
Belarus,2015,48.24945054945055,83.5,8.6,74.9
Belarus,2016,46.412154696132596,79.8,-0.6,80.39999999999999
Belarus,2017,46.095783132530116,82.0,-10.0,92.0
Belarus,2018,44.4213058419244,79.7,5.5,74.2
Belarus,2019,44.487188612099644,78.0,4.7,73.3
Belgium,2005,52.14027397260274,79.1,25.3,53.8
Belgium,2007,52.145054945054945,74.0,24.7,49.3
Belgium,2008,51.06994535519125,76.0,24.8,51.2
Belgium,2010,48.83561643835616,80.0,20.7,59.3
Belgium,2011,52.47561643835616,76.5,26.1,50.4
Belgium,2012,50.75737704918033,81.7,12.0,69.7
Belgium,2013,49.855342465753424,80.2,20.5,59.7
Belgium,2014,53.126098901098906,78.4,24.5,53.900000000000006
Belgium,2015,51.9260989010989,80.9,29.2,51.7
Belgium,2016,51.5610497237569,78.1,24.9,53.199999999999996
Belgium,2017,52.13232876712328,77.5,26.3,51.2
Belgium,2018,53.05734072022161,80.0,21.4,58.6
Belgium,2019,52.50389972144847,85.4,28.1,57.300000000000004
Belgium,2020,46.91567164179104,62.8,30.8,31.999999999999996
Belize,2007,81.76596385542169,90.8,69.4,21.39999999999999
Belize,2014,80.8275482093664,86.9,66.0,20.900000000000006
Benin,2006,82.08698224852071,87.7,56.4,31.300000000000004
Benin,2008,81.1985754985755,87.5,74.5,13.0
Benin,2011,81.47445054945055,86.6,76.2,10.399999999999991
Benin,2012,81.21366120218579,87.2,74.2,13.0
Benin,2013,81.60384615384615,86.8,74.9,11.899999999999991
Benin,2014,81.6257617728532,86.1,74.8,11.299999999999997
Benin,2015,81.56098901098902,87.0,74.4,12.599999999999994
Benin,2016,82.17817679558011,87.3,75.9,11.399999999999991
Benin,2017,82.15342465753425,87.1,74.7,12.399999999999991
Benin,2018,82.20698324022347,87.1,76.8,10.299999999999997
Benin,2019,82.41197771587744,87.5,75.8,11.700000000000003
Benin,2020,83.81119402985075,87.1,76.0,11.099999999999994
Bolivia,2006,44.65698630136986,52.4,32.8,19.6
Bolivia,2007,44.854670329670334,53.1,33.9,19.200000000000003
Bolivia,2008,44.257300275482095,52.3,35.0,17.299999999999997
Bolivia,2009,45.134340659340666,52.5,33.0,19.5
Bolivia,2010,46.15369863013698,53.3,35.7,17.599999999999994
Bolivia,2011,45.04684931506849,53.1,34.7,18.4
Bolivia,2012,45.30655737704918,54.5,36.2,18.299999999999997
Bolivia,2013,46.01377410468319,53.1,34.7,18.4
Bolivia,2014,46.26022099447514,63.4,34.3,29.1
Bolivia,2015,46.1206043956044,53.9,37.1,16.799999999999997
Bolivia,2016,46.909392265193375,56.6,37.5,19.1
Bolivia,2017,46.228767123287675,54.3,36.8,17.5
Bolivia,2018,45.42472222222222,54.9,36.0,18.9
Bolivia,2019,46.11916666666667,54.2,36.1,18.1
Bolivia,2020,48.049253731343285,53.2,41.0,12.200000000000003
Brazil,2005,71.47041095890411,87.8,52.7,35.099999999999994
Brazil,2007,71.25393772893773,85.3,47.5,37.8
Brazil,2008,70.36023875114785,84.2,52.8,31.400000000000006
Brazil,2009,71.4684065934066,85.4,51.6,33.800000000000004
Brazil,2010,72.39945205479451,89.6,50.5,39.099999999999994
Brazil,2011,71.14,86.5,50.8,35.7
Brazil,2012,72.17468123861566,90.1,52.7,37.39999999999999
Brazil,2013,72.0696803652968,90.6,44.8,45.8
Brazil,2014,73.30321395775941,89.1,52.5,36.599999999999994
Brazil,2015,72.70842490842492,90.3,53.9,36.4
Brazil,2016,72.26031307550645,88.5,49.3,39.2
Brazil,2017,72.1572602739726,88.8,50.0,38.8
Brazil,2018,71.64616096207216,88.3,52.0,36.3
Brazil,2019,73.55556586270872,88.0,48.3,39.7
Brazil,2020,73.55785536159601,85.8,57.2,28.599999999999994
Bulgaria,2007,53.543956043956044,85.4,20.5,64.9
Bulgaria,2010,52.86109589041096,80.4,15.5,64.9
Bulgaria,2011,51.45561643835616,80.6,13.5,67.1
Bulgaria,2012,53.20355191256831,85.5,2.6,82.9
Bulgaria,2013,53.484931506849314,80.1,19.3,60.8
Bulgaria,2014,53.135989010989015,79.3,14.3,65.0
Bulgaria,2015,53.370054945054946,81.4,12.6,68.80000000000001
Bulgaria,2016,53.37292817679558,82.3,5.4,76.89999999999999
Bulgaria,2017,52.65397260273973,86.0,7.1,78.9
Bulgaria,2018,53.04238227146814,74.7,15.0,59.7
Bulgaria,2019,53.23621169916434,79.3,17.4,61.9
Bulgaria,2020,42.10820895522388,71.6,23.2,48.39999999999999
Canada,2005,43.94100221483942,85.0,-30.5,115.5
Canada,2007,42.85027487630566,84.0,-28.5,112.5
Canada,2008,42.252263260205495,81.1,-28.7,109.8
Canada,2009,41.77793349821379,83.1,-28.4,111.5
Canada,2010,44.396163682864454,84.7,-25.6,110.30000000000001
Canada,2011,43.292310039670426,88.8,-24.4,113.19999999999999
Canada,2012,44.416224458676425,86.7,-20.4,107.1
Canada,2013,41.99391171993912,85.1,-27.5,112.6
Canada,2014,35.8919182083739,76.8,-26.8,103.6
Canada,2015,38.51577017114914,79.1,-21.9,101.0
Canada,2016,41.27994467496542,77.4,-18.6,96.0
Canada,2017,39.957417582417584,79.8,-26.5,106.3
Canada,2018,38.69375,81.4,-18.1,99.5
Canada,2019,37.54965421853389,77.5,-29.0,106.5
Canada,2020,24.87940074906367,59.7,-21.4,81.1
Central African Republic,2007,79.12039660056658,91.1,59.9,31.199999999999996
Central African Republic,2010,79.90146627565983,89.9,71.9,18.0
Central African Republic,2011,79.23917808219178,90.0,65.7,24.299999999999997
Central African Republic,2016,79.28867403314918,90.7,68.7,22.0
Central African Republic,2017,79.36164383561643,87.2,71.7,15.5
China,2006,61.17567123287672,91.9,-8.1,100.0
China,2007,61.71794166208035,92.2,4.2,88.0
China,2008,60.315824175824176,93.0,-2.6,95.6
China,2009,60.56426608026388,95.5,-10.8,106.3
China,2010,59.66734246575342,94.9,-7.6,102.5
China,2011,59.93298630136986,93.0,-11.0,104.0
China,2012,59.583989071038246,92.6,-8.9,101.5
China,2013,60.76301369863014,96.8,-5.5,102.3
China,2014,61.425508521165476,92.3,-4.2,96.5
China,2015,61.68868131868132,93.0,-0.7,93.7
China,2016,61.59270315091211,94.5,-4.5,99.0
China,2017,62.01704109589041,96.1,2.1,94.0
China,2018,61.73190899001109,93.7,-8.9,102.60000000000001
China,2019,61.992033426183845,93.3,0.9,92.39999999999999
China,2020,52.20239162929746,87.3,1.7,85.6
Colombia,2006,55.840109890109886,64.8,50.5,14.299999999999997
Colombia,2007,55.51432506887053,58.9,46.7,12.199999999999996
Colombia,2008,55.225280898876406,59.4,49.6,9.799999999999997
Colombia,2009,56.49917582417583,60.5,51.0,9.5
Colombia,2010,56.93369863013699,62.1,51.2,10.899999999999999
Colombia,2011,56.803561643835614,60.8,52.1,8.699999999999996
Colombia,2012,56.35464480874317,59.4,52.0,7.399999999999999
Colombia,2013,56.840273972602745,60.8,52.2,8.599999999999994
Colombia,2014,56.862637362637365,60.2,53.4,6.800000000000004
Colombia,2015,57.4760989010989,60.5,52.6,7.899999999999999
Colombia,2016,57.82734806629834,62.9,52.8,10.100000000000001
Colombia,2017,57.110410958904104,60.4,51.3,9.100000000000001
Colombia,2018,56.97638888888889,64.3,52.4,11.899999999999999
Colombia,2019,57.66295264623955,62.0,53.1,8.899999999999999
Colombia,2020,58.07014925373134,61.6,52.5,9.100000000000001
Congo (Brazzaville),2008,77.5758904109589,86.1,68.4,17.69999999999999
Congo (Brazzaville),2011,77.87917808219179,84.4,69.8,14.600000000000009
Congo (Brazzaville),2012,77.69808743169399,84.0,68.6,15.400000000000006
Congo (Brazzaville),2013,77.9068493150685,84.4,69.0,15.400000000000006
Congo (Brazzaville),2014,78.54293628808864,86.0,65.7,20.299999999999997
Congo (Brazzaville),2015,78.16703296703297,83.7,70.9,12.799999999999997
Congo (Brazzaville),2016,78.70303867403315,88.5,69.6,18.900000000000006
Congo (Brazzaville),2017,78.29917808219179,85.9,69.6,16.30000000000001
Congo (Brazzaville),2018,78.52576177285319,85.8,71.5,14.299999999999997
Congo (Brazzaville),2019,78.59611111111111,85.3,70.0,15.299999999999997
Congo (Brazzaville),2020,81.10601503759399,87.0,71.6,15.400000000000006
Congo (Kinshasa),2009,77.91291208791209,84.9,69.5,15.400000000000006
Congo (Kinshasa),2011,77.87917808219179,84.4,69.8,14.600000000000009
Congo (Kinshasa),2012,77.69808743169399,84.0,68.6,15.400000000000006
Congo (Kinshasa),2013,77.9068493150685,84.4,69.0,15.400000000000006
Congo (Kinshasa),2014,78.54293628808864,86.0,65.7,20.299999999999997
Congo (Kinshasa),2015,78.16703296703297,83.7,70.9,12.799999999999997
Congo (Kinshasa),2016,78.70303867403315,88.5,69.6,18.900000000000006
Congo (Kinshasa),2017,78.29917808219179,85.9,69.6,16.30000000000001
Costa Rica,2006,72.64246575342466,77.8,65.0,12.799999999999997
Costa Rica,2007,72.42197802197802,78.8,65.2,13.599999999999994
Costa Rica,2008,71.65702479338843,76.8,63.6,13.199999999999996
Costa Rica,2009,72.86153846153846,77.9,69.3,8.600000000000009
Costa Rica,2010,72.44082191780822,78.5,66.5,12.0
Costa Rica,2011,72.13479452054794,76.9,65.0,11.900000000000006
Costa Rica,2012,72.38060109289617,77.1,66.9,10.199999999999989
Costa Rica,2013,72.65041095890412,77.6,68.0,9.599999999999994
Costa Rica,2014,73.03241758241758,77.4,68.4,9.0
Costa Rica,2015,73.79615384615384,78.9,70.0,8.900000000000006
Costa Rica,2016,73.32837465564738,79.3,67.8,11.5
Costa Rica,2017,72.88328767123288,77.5,66.5,11.0
Costa Rica,2018,72.86888888888889,77.3,67.0,10.299999999999997
Costa Rica,2019,73.5050139275766,78.3,69.3,9.0
Costa Rica,2020,74.93955223880597,79.7,71.1,8.600000000000009
Croatia,2007,55.78291316526611,87.0,23.7,63.3
Croatia,2009,55.24697802197802,85.0,10.3,74.7
Croatia,2010,53.216712328767116,85.6,17.9,67.69999999999999
Croatia,2011,54.727397260273975,86.1,23.6,62.49999999999999
Croatia,2012,55.56366120218579,85.9,12.3,73.60000000000001
Croatia,2013,54.37013698630137,87.5,24.8,62.7
Croatia,2014,56.220879120879125,81.1,16.9,64.19999999999999
Croatia,2015,55.70494505494505,86.2,19.6,66.6
Croatia,2016,54.832132963988926,83.5,19.3,64.2
Croatia,2017,55.57205479452055,86.9,17.1,69.80000000000001
Croatia,2018,56.492757660167136,82.9,16.2,66.7
Croatia,2019,56.55710306406685,83.6,26.5,57.099999999999994
Croatia,2020,47.54962406015038,71.0,25.9,45.1
Cuba,2006,75.97205479452055,84.5,55.0,29.5
Cyprus,2006,66.3282191780822,91.2,40.8,50.400000000000006
Cyprus,2009,69.026953125,92.0,40.2,51.8
Cyprus,2010,90.1,90.1,90.1,0.0
Czechia,2005,47.354246575342465,80.7,16.0,64.7
Czechia,2007,49.809615384615384,81.3,20.3,61.0
Czechia,2010,45.986301369863014,80.7,9.6,71.10000000000001
Czechia,2011,48.66575342465753,75.9,14.1,61.800000000000004
Czechia,2012,48.322404371584696,82.1,3.3,78.8
Czechia,2013,46.99369863013699,82.5,9.8,72.7
Czechia,2014,49.926648351648346,77.3,13.7,63.599999999999994
Czechia,2015,50.362912087912086,83.6,24.6,58.99999999999999
Czechia,2016,49.05690607734806,76.9,12.5,64.4
Czechia,2017,48.764657534246574,79.4,11.5,67.9
Czechia,2018,51.00747922437673,82.3,11.0,71.3
Czechia,2020,42.094029850746274,61.4,23.2,38.2
Denmark,2005,47.11561643835616,72.3,16.2,56.099999999999994
Denmark,2007,48.59313186813187,73.0,20.0,53.0
Denmark,2008,48.40928961748634,69.5,27.9,41.6
Denmark,2009,47.51373626373626,72.3,18.0,54.3
Denmark,2010,44.386575342465754,76.1,12.6,63.49999999999999
Denmark,2011,47.742739726027395,69.8,18.0,51.8
Denmark,2012,46.795355191256824,73.2,10.2,63.0
Denmark,2013,46.90164383561643,72.5,9.3,63.2
Denmark,2014,49.88159340659341,74.7,20.8,53.900000000000006
Denmark,2015,48.37472527472528,74.3,27.2,47.099999999999994
Denmark,2016,48.087845303867404,72.1,18.8,53.3
Denmark,2017,47.95479452054794,68.4,18.7,49.7
Denmark,2018,49.4601108033241,77.5,18.7,58.8
Denmark,2019,49.30278551532034,74.4,26.3,48.10000000000001
Denmark,2020,42.3276119402985,54.3,32.2,22.099999999999994
Dominican Republic,2006,80.08575581395348,85.3,73.3,12.0
Dominican Republic,2007,80.12828571428572,86.2,73.4,12.799999999999997
Dominican Republic,2008,79.1448275862069,84.9,71.6,13.300000000000011
Dominican Republic,2009,79.4146408839779,86.1,71.0,15.099999999999994
Dominican Republic,2010,80.13123287671233,86.2,70.1,16.10000000000001
Dominican Republic,2011,79.4706043956044,84.6,73.7,10.899999999999991
Dominican Republic,2012,79.51191860465116,86.4,73.2,13.200000000000003
Dominican Republic,2013,80.62672064777328,86.2,71.8,14.400000000000006
Dominican Republic,2014,80.83926174496644,87.2,73.1,14.100000000000009
Dominican Republic,2015,81.13371104815864,87.4,72.3,15.100000000000009
Dominican Republic,2016,80.12422535211267,86.9,71.1,15.800000000000011
Dominican Republic,2017,80.11019283746556,86.3,72.6,13.700000000000003
Dominican Republic,2018,79.65521126760564,85.3,72.3,13.0
Dominican Republic,2019,81.04406779661016,87.1,72.2,14.899999999999991
Dominican Republic,2020,79.55121951219512,85.6,73.4,12.199999999999989
Ecuador,2006,68.02208333333334,85.3,51.9,33.4
Ecuador,2007,67.58873626373627,85.0,51.4,33.6
Ecuador,2008,67.05782967032967,84.1,51.7,32.39999999999999
Ecuador,2009,68.04697802197802,84.0,52.2,31.799999999999997
Ecuador,2010,67.95512465373962,85.1,52.1,32.99999999999999
Ecuador,2011,67.65054794520549,83.4,52.1,31.300000000000004
Ecuador,2012,67.90369863013699,85.3,53.3,32.0
Ecuador,2013,73.43732251521298,85.3,53.2,32.099999999999994
Ecuador,2014,76.28279816513762,84.9,55.4,29.500000000000007
Ecuador,2015,80.50082417582418,85.4,75.3,10.100000000000009
Ecuador,2016,79.76353591160222,86.6,73.4,13.199999999999989
Ecuador,2017,78.76328767123287,85.2,73.5,11.700000000000003
Ecuador,2018,77.9824512534819,85.3,72.5,12.799999999999997
Ecuador,2019,78.69633802816901,84.6,72.2,12.399999999999991
Ecuador,2020,82.27014925373135,86.9,78.4,8.5
Egypt,2005,72.03780821917807,90.6,50.4,40.199999999999996
Egypt,2007,72.79945054945055,92.8,53.3,39.5
Egypt,2008,73.39283746556474,92.6,50.2,42.39999999999999
Egypt,2009,74.12170329670329,92.8,54.7,38.099999999999994
Egypt,2010,75.51150684931507,96.0,53.6,42.4
Egypt,2011,71.86027397260274,90.9,54.0,36.900000000000006
Egypt,2012,72.68032786885246,91.8,50.5,41.3
Egypt,2013,72.58520547945206,96.4,45.2,51.2
Egypt,2014,73.15769230769232,94.8,54.8,40.0
Egypt,2015,72.71813186813188,96.8,47.8,49.0
Egypt,2016,74.88194444444444,98.5,48.3,50.2
Egypt,2017,74.02410958904109,93.9,51.9,42.00000000000001
Egypt,2018,75.71527777777777,98.3,53.1,45.199999999999996
Egypt,2019,73.83398328690808,100.2,50.9,49.300000000000004
Egypt,2020,63.63880597014926,81.4,50.0,31.400000000000006
Ethiopia,2012,62.48792134831461,73.7,53.0,20.700000000000003
Ethiopia,2013,62.98361111111111,71.0,55.0,16.0
Ethiopia,2014,63.63343023255814,73.3,50.4,22.9
Ethiopia,2015,64.0955223880597,72.4,57.1,15.300000000000004
Ethiopia,2016,63.102500000000006,73.2,54.5,18.700000000000003
Ethiopia,2017,62.452777777777776,73.0,52.3,20.700000000000003
Ethiopia,2018,62.12116040955632,69.3,52.2,17.099999999999994
Ethiopia,2019,63.11902017291066,75.6,51.8,23.799999999999997
Ethiopia,2020,65.17819548872181,71.2,59.0,12.200000000000003
Finland,2006,43.18958904109589,76.3,-9.1,85.39999999999999
Finland,2008,44.622950819672134,70.9,19.9,51.00000000000001
Finland,2010,40.110410958904104,79.8,-7.2,87.0
Finland,2011,44.211780821917806,78.4,-10.0,88.4
Finland,2012,41.507650273224044,74.7,-8.7,83.4
Finland,2013,43.63972602739726,76.9,-4.0,80.9
Finland,2014,44.10384615384615,77.5,-2.9,80.4
Finland,2015,44.92032967032967,72.6,6.1,66.5
Finland,2016,42.90414364640884,70.6,-13.2,83.8
Finland,2017,42.816986301369866,67.2,-6.2,73.4
Finland,2018,44.014127423822714,77.8,-0.8,78.6
Finland,2019,43.87715877437326,76.3,-6.5,82.8
Finland,2020,36.5089552238806,50.0,21.4,28.6
France,2005,55.064060356652945,84.6,25.4,59.199999999999996
France,2006,55.90506849315068,87.5,25.3,62.2
France,2008,54.54897119341563,78.2,27.9,50.300000000000004
France,2009,55.23695054945055,83.1,19.4,63.699999999999996
France,2010,53.39917808219178,82.7,22.9,59.800000000000004
France,2011,56.676712328767124,85.9,25.7,60.2
France,2012,54.8077868852459,83.2,20.7,62.5
France,2013,54.21893004115226,83.4,23.6,59.800000000000004
France,2014,55.48310439560439,81.1,30.5,50.599999999999994
France,2015,55.67857142857143,85.2,30.7,54.5
France,2016,55.002758620689654,83.2,25.3,57.900000000000006
France,2017,55.61260273972602,85.1,26.6,58.49999999999999
France,2018,55.979548660084625,85.1,24.0,61.099999999999994
France,2019,56.224027777777785,91.5,30.3,61.2
France,2020,50.81641791044776,69.3,30.8,38.5
Gabon,2011,79.34520547945205,84.7,74.4,10.299999999999997
Gabon,2012,78.33251366120219,82.7,73.6,9.100000000000009
Gabon,2013,79.62493150684931,85.2,74.5,10.700000000000003
Gabon,2014,79.78107344632768,84.8,73.2,11.599999999999994
Gabon,2015,79.97472527472527,84.4,75.3,9.100000000000009
Gabon,2016,80.97707182320443,85.6,76.5,9.099999999999994
Gabon,2017,80.36630136986301,85.4,75.0,10.400000000000006
Gabon,2018,80.22714681440443,84.8,75.4,9.399999999999991
Gabon,2019,80.53816155988858,85.4,75.8,9.600000000000009
Gabon,2020,82.79253731343285,86.1,76.0,10.099999999999994
Gambia,2017,79.30816326530612,89.3,70.7,18.599999999999994
Gambia,2018,77.83960674157304,85.1,67.9,17.19999999999999
Gambia,2019,78.76703910614525,89.6,70.4,19.19999999999999
Georgia,2006,43.236697247706424,88.7,14.7,74.0
Germany,2005,50.204029304029305,82.0,6.6,75.4
Germany,2007,50.91717990275527,85.7,16.1,69.6
Germany,2008,50.78660436137071,84.2,21.8,62.400000000000006
Germany,2009,50.254250386398766,81.1,12.6,68.5
Germany,2010,47.791407089151456,89.8,15.2,74.6
Germany,2011,50.845083333333335,77.9,15.3,62.60000000000001
Germany,2012,48.57158469945355,76.5,4.2,72.3
Germany,2013,47.517534246575345,78.7,18.7,60.0
Germany,2014,50.112912087912086,75.5,18.3,57.2
Germany,2015,49.919780219780215,79.1,15.1,63.99999999999999
Germany,2016,49.10524861878453,77.0,14.4,62.6
Germany,2017,48.793424657534246,76.9,8.6,68.30000000000001
Germany,2018,51.46115942028985,78.0,12.5,65.5
Germany,2019,50.59479015918958,78.8,21.0,57.8
Germany,2020,43.0134328358209,64.5,26.5,38.0
Greece,2005,64.27342465753425,90.9,38.1,52.800000000000004
Greece,2007,65.76592797783934,92.0,40.4,51.6
Greece,2009,65.7473829201102,89.0,41.9,47.1
Greece,2010,67.12876712328767,92.4,37.7,54.7
Greece,2011,66.22191780821917,92.9,37.4,55.50000000000001
Greece,2012,60.161006289308176,94.3,36.3,58.0
Guatemala,2006,66.56840659340659,75.2,53.4,21.800000000000004
Guatemala,2007,66.96346153846154,75.9,58.0,17.900000000000006
Guatemala,2008,66.23983286908077,74.2,53.9,20.300000000000004
Guatemala,2009,67.1551246537396,79.7,56.0,23.700000000000003
Guatemala,2010,66.59068493150684,73.3,53.2,20.099999999999994
Guatemala,2011,66.50109589041097,73.3,56.7,16.599999999999994
Guatemala,2012,66.37103825136612,71.8,56.2,15.599999999999994
Guatemala,2013,66.83205479452054,72.3,55.7,16.599999999999994
Guatemala,2014,66.80165289256199,71.9,56.3,15.600000000000009
Guatemala,2015,67.51767955801105,73.5,57.6,15.899999999999999
Guatemala,2016,67.48895027624309,73.9,54.5,19.400000000000006
Guatemala,2017,66.83150684931506,72.1,52.4,19.699999999999996
Guatemala,2018,66.89359331476322,73.9,54.2,19.700000000000003
Guatemala,2019,67.69805013927576,72.9,58.2,14.700000000000003
Guinea,2011,82.57864406779662,88.9,74.9,14.0
Guinea,2012,81.03928571428571,87.8,74.3,13.5
Guinea,2013,80.8963888888889,86.5,73.4,13.099999999999994
Guinea,2014,80.7,84.6,74.9,9.699999999999989
Guinea,2015,80.71178247734139,88.4,73.0,15.400000000000006
Guinea,2016,81.05847953216374,88.3,71.8,16.5
Guinea,2017,81.43438395415473,85.6,75.4,10.199999999999989
Guinea,2018,81.02199413489735,84.9,73.4,11.5
Guinea,2019,81.66666666666667,89.4,75.3,14.100000000000009
Guinea,2020,83.88560606060605,89.5,77.3,12.200000000000003
Haiti,2006,84.875,94.1,79.0,15.099999999999994
Haiti,2008,86.41060606060607,92.8,75.2,17.599999999999994
Haiti,2010,85.05826330532213,93.4,73.8,19.60000000000001
Haiti,2011,84.71298342541436,92.2,75.6,16.60000000000001
Haiti,2012,84.5788961038961,94.6,76.3,18.299999999999997
Haiti,2013,85.37475409836065,92.8,78.6,14.200000000000003
Haiti,2014,85.109,92.8,80.4,12.399999999999991
Haiti,2015,86.4724340175953,94.6,73.9,20.69999999999999
Haiti,2016,85.1538028169014,92.4,76.8,15.600000000000009
Haiti,2017,84.98186813186814,91.1,76.6,14.5
Haiti,2018,85.16511627906976,94.1,77.0,17.099999999999994
Honduras,2006,71.72152974504249,85.3,58.3,27.0
Honduras,2007,71.66933701657459,87.0,60.8,26.200000000000003
Honduras,2008,70.9991643454039,80.9,59.2,21.700000000000003
Honduras,2009,71.35185185185185,83.9,58.9,25.000000000000007
Honduras,2010,70.84022038567493,79.8,57.4,22.4
Honduras,2011,71.04328767123287,77.9,61.4,16.500000000000007
Honduras,2012,71.0155737704918,76.6,62.8,13.799999999999997
Honduras,2013,71.63123287671233,78.7,60.5,18.200000000000003
Honduras,2014,72.01483516483516,79.4,60.5,18.900000000000006
Honduras,2015,73.1043956043956,79.1,63.4,15.699999999999996
Honduras,2016,72.75828729281768,79.7,61.5,18.200000000000003
Honduras,2017,71.36986301369863,79.8,58.2,21.599999999999994
Honduras,2018,69.82770083102493,79.6,57.7,21.89999999999999
Honduras,2019,70.68725761772853,76.9,59.6,17.300000000000004
Hong Kong,2006,75.89013698630137,90.7,50.4,40.300000000000004
Hong Kong,2008,74.80054945054945,91.3,46.7,44.599999999999994
Hong Kong,2009,75.92829670329671,89.7,50.6,39.1
Hong Kong,2010,75.44547945205478,89.7,45.5,44.2
Hong Kong,2011,74.7104109589041,90.4,46.4,44.00000000000001
Hong Kong,2012,75.6,90.9,45.5,45.400000000000006
Hong Kong,2014,76.12527472527472,90.1,45.9,44.199999999999996
Hong Kong,2016,76.18425414364641,91.7,40.2,51.5
Hong Kong,2017,76.63397260273973,92.0,51.7,40.3
Hong Kong,2019,77.31197771587743,90.1,55.3,34.8
Hong Kong,2020,70.60671641791045,86.1,53.7,32.39999999999999
Hungary,2005,48.351780821917814,78.5,9.7,68.8
Hungary,2007,53.28626373626374,88.2,20.4,67.80000000000001
Hungary,2009,52.49917582417583,81.6,10.8,70.8
Hungary,2010,50.09972602739727,82.8,10.6,72.2
Hungary,2011,51.53616438356165,83.8,19.0,64.8
Hungary,2012,52.56174863387978,84.4,7.5,76.9
Hungary,2013,52.297260273972604,86.2,20.9,65.30000000000001
Hungary,2014,53.691483516483515,79.7,15.6,64.10000000000001
Hungary,2015,53.60219780219781,84.8,17.5,67.3
Hungary,2016,52.21491712707182,82.0,15.7,66.3
Hungary,2017,52.22164383561644,85.7,7.3,78.4
Hungary,2018,54.0376731301939,80.5,16.9,63.6
Hungary,2019,54.035097493036204,80.9,19.2,61.7
Hungary,2020,43.40820895522388,67.4,23.4,44.00000000000001
Iceland,2008,41.81912568306011,64.4,13.6,50.800000000000004
Iceland,2012,42.23306010928962,59.8,20.3,39.5
Iceland,2013,41.062465753424654,56.9,13.4,43.5
Iceland,2015,40.31126373626373,63.3,18.4,44.9
Iceland,2016,42.94254143646409,60.4,19.6,40.8
Iceland,2017,41.94986301369863,59.1,20.2,38.900000000000006
Iceland,2019,42.4050139275766,61.8,16.6,45.199999999999996
Iceland,2020,35.07388059701492,47.4,22.0,25.4
India,2006,80.50561643835616,98.8,47.4,51.4
India,2007,80.14139599170699,102.1,48.9,53.199999999999996
India,2008,79.9241426611797,97.9,48.5,49.400000000000006
India,2009,81.37752577319588,101.4,51.2,50.2
India,2010,81.05226648351649,101.8,48.9,52.9
India,2011,80.26982817869415,98.9,45.7,53.2
India,2012,80.66755464480875,102.5,48.5,54.0
India,2013,80.19945167923235,100.3,43.9,56.4
India,2014,80.7396978021978,101.3,48.1,53.199999999999996
India,2015,81.4393543956044,100.1,49.7,50.39999999999999
India,2016,82.19559532002752,100.8,52.0,48.8
India,2017,81.72997256515775,103.6,51.5,52.099999999999994
India,2018,81.5753112033195,100.0,51.5,48.5
India,2019,81.3625087108014,102.6,44.5,58.099999999999994
India,2020,77.56467289719626,92.3,50.8,41.5
Indonesia,2006,84.52170542635659,88.3,76.7,11.599999999999994
Indonesia,2007,83.2593023255814,88.4,77.3,11.100000000000009
Indonesia,2008,83.14104046242774,87.0,75.3,11.700000000000003
Indonesia,2009,83.57614942528735,89.1,76.9,12.199999999999989
Indonesia,2010,83.28232044198896,88.0,77.9,10.099999999999994
Indonesia,2011,83.56263736263736,87.3,77.4,9.899999999999991
Indonesia,2012,83.666391184573,87.6,78.0,9.599999999999994
Indonesia,2013,83.18815426997244,88.6,76.3,12.299999999999997
Indonesia,2014,83.46804407713499,88.0,75.6,12.400000000000006
Indonesia,2015,83.35977961432506,86.5,75.2,11.299999999999997
Indonesia,2016,83.5814404432133,88.1,77.9,10.199999999999989
Indonesia,2017,83.48571428571428,87.4,78.4,9.0
Indonesia,2018,83.57019498607242,88.5,76.7,11.799999999999997
Indonesia,2019,84.01782729805015,87.6,77.9,9.699999999999989
Indonesia,2020,83.18345864661654,87.8,78.7,9.099999999999994
Ireland,2006,50.489041095890414,70.1,29.5,40.599999999999994
Ireland,2008,49.178082191780824,63.7,30.5,33.2
Ireland,2009,49.32005494505494,64.7,30.4,34.300000000000004
Ireland,2010,47.27205479452054,67.1,17.1,49.99999999999999
Ireland,2011,50.1186301369863,65.7,29.2,36.5
Ireland,2012,49.00464480874317,67.4,31.1,36.300000000000004
Ireland,2013,49.204109589041096,66.7,29.5,37.2
Ireland,2014,50.24835164835165,65.4,31.3,34.10000000000001
Ireland,2015,49.22115384615385,67.7,29.7,38.0
Ireland,2016,49.79447513812154,70.1,31.4,38.699999999999996
Ireland,2017,50.209041095890406,67.6,30.7,36.89999999999999
Ireland,2018,49.9171270718232,68.8,27.1,41.699999999999996
Ireland,2019,49.832590529247916,69.8,32.3,37.5
Ireland,2020,44.66417910447761,56.3,35.0,21.299999999999997
Israel,2006,71.21671732522796,84.9,49.6,35.300000000000004
Israel,2007,70.3207171314741,85.4,51.9,33.50000000000001
Italy,2005,56.22958904109589,82.0,21.6,60.4
Italy,2007,57.73585164835164,84.2,25.4,58.800000000000004
Italy,2008,57.79546703296703,82.3,24.5,57.8
Italy,2009,58.10892857142858,82.6,14.3,68.3
Italy,2010,56.775342465753425,82.1,22.4,59.699999999999996
Italy,2011,58.28123287671233,83.6,28.5,55.099999999999994
Italy,2012,58.06352459016394,83.7,14.4,69.3
Italy,2013,57.6972602739726,82.7,29.0,53.7
Italy,2014,59.10041208791208,80.9,27.8,53.10000000000001
Italy,2015,58.65892857142857,84.7,28.3,56.400000000000006
Italy,2016,58.948071625344355,80.9,26.6,54.300000000000004
Italy,2017,58.88095890410959,87.4,24.8,62.60000000000001
Italy,2018,60.009141274238225,83.6,25.0,58.599999999999994
Italy,2019,59.50389972144847,87.2,29.5,57.7
Italy,2020,50.23992537313433,66.6,29.5,37.099999999999994
Ivory Coast,2009,78.64505494505494,85.2,41.3,43.900000000000006
Ivory Coast,2013,80.2931506849315,85.4,73.9,11.5
Ivory Coast,2014,80.30439560439561,85.1,74.1,11.0
Ivory Coast,2015,80.6206043956044,86.3,74.5,11.799999999999997
Ivory Coast,2016,81.30853994490359,86.9,74.9,12.0
Ivory Coast,2017,81.25479452054795,86.4,74.6,11.800000000000011
Ivory Coast,2018,81.39168975069252,85.8,74.6,11.200000000000003
Ivory Coast,2019,81.5175,87.0,74.5,12.5
Ivory Coast,2020,83.60746268656716,86.4,77.4,9.0
Japan,2005,55.4916894977169,87.8,8.0,79.8
Japan,2007,57.34981684981685,93.0,13.5,79.5
Japan,2008,56.682616651418115,91.2,7.8,83.4
Japan,2009,56.90265567765567,88.8,12.3,76.5
Japan,2010,57.44100456621005,92.1,3.6,88.5
Japan,2011,56.59652968036529,89.9,4.2,85.7
Japan,2012,56.15127504553734,91.0,4.5,86.5
Japan,2013,57.083287671232874,92.9,5.5,87.4
Japan,2014,56.59542124542124,91.5,7.6,83.9
Japan,2015,57.81144688644689,91.9,13.2,78.7
Japan,2016,57.60617511520737,91.0,10.4,80.6
Japan,2017,56.64310502283105,90.6,9.3,81.3
Japan,2018,57.958687615526806,92.6,8.1,84.5
Japan,2019,57.82878365831012,92.0,2.3,89.7
Japan,2020,46.460945273631836,78.4,10.2,68.2
Jordan,2005,64.39123287671232,87.2,37.2,50.0
Jordan,2007,64.64065934065934,91.7,38.7,53.0
Jordan,2008,65.21150684931507,89.1,34.4,54.699999999999996
Jordan,2009,65.04340659340659,87.2,38.7,48.5
Jordan,2010,68.17808219178082,94.2,38.6,55.6
Jordan,2011,63.79616438356164,91.2,41.4,49.800000000000004
Jordan,2012,65.63524590163935,92.5,36.4,56.1
Jordan,2013,64.82479338842975,85.8,34.0,51.8
Jordan,2014,65.45412087912088,89.3,40.7,48.599999999999994
Jordan,2015,65.24697802197802,95.3,33.8,61.5
Jordan,2016,65.98646408839778,89.4,35.3,54.10000000000001
Jordan,2017,65.7386301369863,91.5,37.9,53.6
Jordan,2018,66.62825484764542,87.8,41.0,46.8
Jordan,2019,65.20473537604457,91.3,40.6,50.699999999999996
Jordan,2020,54.11940298507463,76.0,36.8,39.2
Kazakhstan,2006,50.30739726027397,86.8,-7.1,93.89999999999999
Kazakhstan,2007,49.71322314049587,87.8,-4.6,92.39999999999999
Kazakhstan,2008,50.0260989010989,87.2,-5.9,93.10000000000001
Kazakhstan,2009,49.07115384615385,81.3,5.4,75.89999999999999
Kazakhstan,2010,49.12465753424657,83.9,-2.3,86.2
Kazakhstan,2011,48.479726027397255,84.7,-6.3,91.0
Kazakhstan,2012,47.86994535519126,85.6,-14.2,99.8
Kazakhstan,2013,51.31808219178082,89.1,3.6,85.5
Kazakhstan,2014,49.93030303030303,88.5,3.1,85.4
Kazakhstan,2015,53.322527472527476,88.3,7.0,81.3
Kazakhstan,2016,52.66592797783934,84.0,9.3,74.7
Kazakhstan,2017,52.13232876712328,90.9,13.0,77.9
Kazakhstan,2018,50.93064066852367,87.4,-13.2,100.60000000000001
Kazakhstan,2019,53.12061281337047,87.7,12.9,74.8
Kazakhstan,2020,42.75187969924812,73.6,19.6,53.99999999999999
Kenya,2006,69.31626016260162,77.6,53.6,23.999999999999993
Kenya,2010,66.17032967032966,70.6,60.1,10.499999999999993
Kenya,2011,66.74318181818182,73.3,60.6,12.699999999999996
Kenya,2012,67.57967032967034,79.7,57.6,22.1
Kenya,2013,67.14454545454545,78.1,53.6,24.499999999999993
Kenya,2014,67.23183279742764,76.7,57.7,19.0
Kenya,2015,67.86656804733728,79.8,54.3,25.5
Kenya,2016,67.95595238095238,77.4,55.9,21.500000000000007
Kenya,2017,68.65014409221902,80.2,59.6,20.6
Kenya,2018,66.86050420168067,76.2,57.0,19.200000000000003
Kenya,2019,68.34341736694678,77.7,56.6,21.1
Kenya,2020,68.97443609022557,73.7,64.0,9.700000000000003
Kuwait,2006,80.73150684931507,109.0,43.8,65.2
Kuwait,2009,80.40576923076924,108.1,42.2,65.89999999999999
Kuwait,2010,82.32912087912088,109.7,48.0,61.7
Kuwait,2011,79.76868131868132,109.1,48.0,61.099999999999994
Kuwait,2012,80.84159779614325,110.0,42.4,67.6
Kuwait,2013,80.20824175824175,109.4,46.8,62.60000000000001
Kuwait,2014,81.05439560439561,108.6,48.2,60.39999999999999
Kuwait,2015,81.63240997229917,109.9,46.0,63.900000000000006
Kuwait,2016,81.03555555555555,109.1,44.6,64.5
Kuwait,2017,81.67016574585635,109.9,44.3,65.60000000000001
Kuwait,2019,81.5943820224719,109.4,49.0,60.400000000000006
Kyrgyzstan,2006,54.15369863013698,87.7,-1.1,88.8
Kyrgyzstan,2007,53.92928176795581,90.7,-0.3,91.0
Kyrgyzstan,2008,53.82246575342466,89.9,0.5,89.4
Kyrgyzstan,2009,53.491184573002755,84.5,18.2,66.3
Kyrgyzstan,2010,54.1372602739726,86.1,3.9,82.19999999999999
Kyrgyzstan,2011,52.42328767123288,88.1,-2.2,90.3
Kyrgyzstan,2012,52.36994535519126,86.2,-6.1,92.3
Kyrgyzstan,2013,54.89643835616439,90.1,17.4,72.69999999999999
Kyrgyzstan,2014,51.88980716253444,88.6,4.7,83.89999999999999
Kyrgyzstan,2015,54.7662087912088,91.1,10.5,80.6
Kyrgyzstan,2016,54.83351800554017,87.7,11.8,75.9
Kyrgyzstan,2017,53.82767123287671,90.2,12.4,77.8
Kyrgyzstan,2018,52.83203342618385,88.3,-10.8,99.1
Kyrgyzstan,2019,55.29136490250696,90.6,13.8,76.8
Kyrgyzstan,2020,44.90075187969925,72.4,22.5,49.900000000000006
Laos,2006,80.73643835616438,90.2,65.0,25.200000000000003
Laos,2007,80.5239010989011,93.5,64.6,28.900000000000006
Laos,2008,78.98598901098902,89.4,61.2,28.200000000000003
Laos,2011,79.90739726027398,94.1,58.4,35.699999999999996
Laos,2012,82.05027322404372,91.2,69.4,21.799999999999997
Laos,2017,80.44438356164383,90.3,61.8,28.5
Laos,2018,80.3803324099723,91.3,63.0,28.299999999999997
Laos,2019,81.7125,92.1,62.5,29.599999999999994
Laos,2020,81.56940298507462,96.9,68.9,28.0
Latvia,2006,45.66986301369863,78.6,-12.0,90.6
Latvia,2007,46.089285714285715,75.6,-1.8,77.39999999999999
Latvia,2008,46.52252747252747,70.3,10.0,60.3
Latvia,2009,44.64093406593406,72.3,3.6,68.7
Latvia,2011,45.481095890410955,78.1,-3.7,81.8
Latvia,2012,43.5292349726776,79.2,-12.1,91.3
Latvia,2013,45.14739726027397,79.0,-1.7,80.7
Latvia,2014,46.11978021978022,81.2,4.4,76.8
Latvia,2015,46.88324175824176,74.4,11.8,62.60000000000001
Latvia,2016,45.78209366391185,78.8,-1.2,80.0
Latvia,2017,45.16054794520547,74.3,4.4,69.89999999999999
Latvia,2018,46.66657458563536,80.1,4.9,75.19999999999999
Latvia,2019,47.35125348189415,77.3,14.6,62.699999999999996
Latvia,2020,39.82686567164179,55.7,28.6,27.1
Lebanon,2005,69.65260273972603,84.0,47.2,36.8
Lebanon,2006,69.20225988700565,84.8,47.8,37.0
Lebanon,2008,70.45467032967034,84.5,44.6,39.9
Lebanon,2009,70.73626373626374,88.6,47.8,40.8
Lebanon,2010,72.65698630136986,89.1,48.9,40.199999999999996
Lebanon,2011,70.00301369863013,87.1,51.5,35.599999999999994
Lebanon,2012,70.8707650273224,88.3,46.9,41.4
Lebanon,2013,70.90547945205479,84.0,45.9,38.1
Lebanon,2014,71.21703296703296,86.6,52.4,34.199999999999996
Lebanon,2015,70.97664835164835,91.1,44.5,46.599999999999994
Lebanon,2016,71.40773480662983,87.4,46.1,41.300000000000004
Lebanon,2017,70.94242424242424,85.8,46.7,39.099999999999994
Lebanon,2018,72.11464788732394,86.4,52.3,34.10000000000001
Lebanon,2019,71.12234636871509,88.5,53.1,35.4
Lebanon,2020,61.464179104477616,76.4,46.7,29.700000000000003
Madagascar,2006,65.42794520547946,73.7,51.9,21.800000000000004
Madagascar,2008,65.18246575342465,74.9,42.7,32.2
Madagascar,2011,66.66000000000001,75.6,46.6,28.999999999999993
Madagascar,2012,54.404098360655745,74.7,33.8,40.900000000000006
Madagascar,2013,64.36465753424658,75.4,33.8,41.60000000000001
Madagascar,2014,66.28873626373625,75.5,52.5,23.0
Madagascar,2015,66.21868131868132,75.8,52.9,22.9
Madagascar,2016,65.65911602209944,74.8,52.5,22.299999999999997
Madagascar,2017,66.20493150684932,75.5,54.1,21.4
Madagascar,2018,65.99116022099447,74.2,53.3,20.900000000000006
Madagascar,2019,67.19860724233983,75.4,53.5,21.900000000000006
Malawi,2006,69.9,69.9,69.9,0.0
Malawi,2011,71.28198757763975,90.7,54.7,36.0
Malawi,2012,71.68640776699029,84.3,55.8,28.5
Malawi,2013,69.789,79.1,57.3,21.799999999999997
Malaysia,2006,81.65917808219177,85.9,76.7,9.200000000000003
Malaysia,2007,81.28214285714286,86.2,76.0,10.200000000000003
Malaysia,2008,80.91780821917808,85.7,74.0,11.700000000000003
Malaysia,2009,81.91098901098901,87.6,75.5,12.099999999999994
Malaysia,2010,83.42794520547946,88.4,77.6,10.800000000000011
Malaysia,2011,83.06739726027396,88.2,75.7,12.5
Malaysia,2012,82.97950819672131,87.8,77.2,10.599999999999994
Malaysia,2013,82.33534246575343,87.7,76.8,10.900000000000006
Malaysia,2014,82.43241758241759,88.0,75.6,12.400000000000006
Malaysia,2015,82.73928571428571,88.3,77.2,11.099999999999994
Malaysia,2018,82.01388888888889,87.7,73.4,14.299999999999997
Malaysia,2019,82.97242339832869,88.0,76.7,11.299999999999997
Malaysia,2020,83.80970149253731,87.5,76.7,10.799999999999997
Mauritania,2007,77.82782369146005,96.5,62.8,33.7
Mauritania,2008,78.68388888888889,94.6,63.5,31.099999999999994
Mauritania,2009,77.1901098901099,93.2,61.1,32.1
Mauritania,2010,78.9331506849315,93.4,63.9,29.500000000000007
Mauritania,2011,77.2131506849315,93.9,62.9,31.000000000000007
Mauritania,2012,77.89508196721312,93.7,61.9,31.800000000000004
Mauritania,2013,78.57698630136986,96.0,64.1,31.900000000000006
Mauritania,2014,77.62362637362638,96.1,63.5,32.599999999999994
Mauritania,2015,78.80604395604396,94.8,65.6,29.200000000000003
Mauritania,2016,78.40666666666667,95.1,65.7,29.39999999999999
Mauritania,2017,78.293567251462,94.7,62.3,32.400000000000006
Mauritania,2018,70.25,77.9,59.8,18.10000000000001
Mexico,2005,69.80034052213394,95.3,44.3,51.0
Mexico,2007,68.4382252559727,90.1,38.3,51.8
Mexico,2008,68.72134986225895,98.3,41.6,56.699999999999996
Mexico,2009,70.03763736263737,95.5,43.0,52.5
Mexico,2010,68.50057077625571,92.0,38.0,54.0
Mexico,2011,69.99265267175572,95.8,28.6,67.19999999999999
Mexico,2012,69.60643330179754,94.2,46.9,47.300000000000004
Mexico,2013,68.92471264367815,93.6,40.5,53.099999999999994
Mexico,2014,68.10789980732177,92.2,37.2,55.0
Mexico,2015,68.29090009891198,89.6,40.0,49.599999999999994
Mexico,2016,68.8178916827853,89.5,41.3,48.2
Mexico,2017,68.93145539906104,93.9,38.3,55.60000000000001
Mexico,2018,67.96993339676499,93.3,32.5,60.8
Mexico,2019,69.63805060918463,95.0,39.4,55.6
Mexico,2020,68.1388174807198,86.8,49.7,37.099999999999994
Mongolia,2007,33.33763736263736,86.5,-15.4,101.9
Mongolia,2008,31.739178082191778,80.3,-26.8,107.1
Mongolia,2010,28.467397260273973,84.8,-34.2,119.0
Mongolia,2011,27.85890410958904,77.0,-25.4,102.4
Mongolia,2012,26.251092896174864,79.3,-35.1,114.4
Mongolia,2013,28.99890410958904,74.1,-29.1,103.19999999999999
Mongolia,2014,30.477747252747253,74.5,-28.5,103.0
Mongolia,2015,31.86813186813187,80.0,-18.8,98.8
Mongolia,2016,29.361325966850828,85.3,-27.4,112.69999999999999
Mongolia,2017,31.123561643835618,83.7,-27.3,111.0
Mongolia,2018,31.03861111111111,76.8,-31.0,107.8
Mongolia,2019,31.045277777777777,79.3,-23.3,102.6
Mongolia,2020,17.421641791044777,68.1,-16.8,84.89999999999999
Morocco,2010,64.51381215469613,90.2,41.7,48.5
Morocco,2011,63.72383561643836,87.3,46.7,40.599999999999994
Morocco,2012,62.62868852459016,93.7,33.8,59.900000000000006
Morocco,2013,62.91648351648351,85.6,46.9,38.699999999999996
Morocco,2015,63.705769230769235,86.7,46.5,40.2
Morocco,2016,64.19862258953168,85.3,49.2,36.099999999999994
Morocco,2017,64.20931506849315,84.1,45.2,38.89999999999999
Morocco,2018,62.52292817679558,81.2,45.5,35.7
Morocco,2019,62.38440111420613,80.6,47.6,32.99999999999999
Morocco,2020,57.94253731343284,81.0,47.6,33.4
Mozambique,2006,73.98478873239436,92.4,59.8,32.60000000000001
Mozambique,2007,75.10756302521008,89.3,59.5,29.799999999999997
Mozambique,2008,74.75604395604395,86.7,60.9,25.800000000000004
Mozambique,2011,78.64807692307693,88.7,67.9,20.799999999999997
Mozambique,2015,75.14132231404959,90.4,62.9,27.500000000000007
Mozambique,2017,74.42617079889807,89.6,60.8,28.799999999999997
Mozambique,2018,74.77146892655367,88.1,58.4,29.699999999999996
Mozambique,2019,75.27103064066853,89.4,63.1,26.300000000000004
Myanmar,2012,82.24125683060109,93.1,69.2,23.89999999999999
Myanmar,2013,81.60958904109589,92.6,69.2,23.39999999999999
Myanmar,2014,81.15424657534247,89.9,68.9,21.0
Myanmar,2015,81.81346153846154,91.1,71.9,19.19999999999999
Myanmar,2016,82.43884297520661,95.4,50.9,44.50000000000001
Myanmar,2017,82.44876712328767,90.6,70.7,19.89999999999999
Myanmar,2018,81.95027624309392,89.8,72.7,17.099999999999994
Myanmar,2019,82.14972222222222,91.8,71.0,20.799999999999997
Myanmar,2020,82.54552238805971,90.7,72.0,18.700000000000003
Namibia,2007,68.64156976744187,85.1,45.4,39.699999999999996
Namibia,2014,67.56422535211267,80.9,46.5,34.400000000000006
Namibia,2017,69.07027777777778,84.2,51.6,32.6
Namibia,2018,70.3265625,86.4,48.6,37.800000000000004
Namibia,2019,72.07977207977208,86.9,54.8,32.10000000000001
Namibia,2020,72.19850746268656,86.3,58.0,28.299999999999997
Nepal,2006,64.53515151515151,79.7,44.5,35.2
Nepal,2007,65.03571428571429,78.9,42.0,36.900000000000006
Nepal,2008,68.58753541076487,83.1,42.8,40.3
Nepal,2009,70.07463976945246,85.6,50.4,35.199999999999996
Nepal,2010,69.61826086956522,86.0,48.9,37.1
Nepal,2011,67.05564738292011,79.5,47.4,32.1
Nepal,2012,67.09359331476323,86.6,45.6,40.99999999999999
Nepal,2013,65.03165266106443,78.2,43.4,34.800000000000004
Nepal,2014,64.57939560439561,79.0,46.0,33.0
Nepal,2015,64.57087912087911,80.2,44.7,35.5
Nepal,2016,65.51160220994475,78.0,46.6,31.4
Nepal,2017,65.5572602739726,79.1,45.3,33.8
Nepal,2018,64.85207756232687,77.9,45.0,32.900000000000006
Nepal,2019,64.96055555555556,79.5,44.9,34.6
Nepal,2020,57.96865671641791,70.7,46.2,24.5
Netherlands,2005,51.748493150684936,79.0,21.1,57.9
Netherlands,2007,52.59945054945055,73.1,25.0,48.099999999999994
Netherlands,2008,51.48794520547945,75.4,24.5,50.900000000000006
Netherlands,2010,48.61123287671232,78.2,19.2,59.0
Netherlands,2011,51.88219178082192,75.9,28.6,47.300000000000004
Netherlands,2012,50.728415300546445,76.6,11.0,65.6
Netherlands,2013,49.93232876712329,77.5,22.1,55.4
Netherlands,2014,53.32994505494505,79.7,31.5,48.2
Netherlands,2015,51.86703296703296,78.6,26.8,51.8
Netherlands,2016,51.80801104972376,76.9,26.7,50.2
Netherlands,2017,52.110410958904104,75.6,25.8,49.8
Netherlands,2018,52.8475,85.5,20.5,65.0
Netherlands,2019,52.471866295264626,82.8,28.7,54.099999999999994
Netherlands,2020,46.82835820895522,63.4,35.5,27.9
New Zealand,2006,59.025479452054796,73.5,43.8,29.700000000000003
New Zealand,2007,59.7282967032967,71.4,43.9,27.500000000000007
New Zealand,2008,59.884340659340666,73.2,42.9,30.300000000000004
New Zealand,2010,60.25,74.2,43.9,30.300000000000004
New Zealand,2011,60.10904109589041,72.9,41.1,31.800000000000004
New Zealand,2012,59.11277777777777,72.3,44.1,28.199999999999996
New Zealand,2013,60.441095890410956,72.2,44.8,27.400000000000006
New Zealand,2014,59.67307692307692,72.7,43.2,29.5
New Zealand,2015,59.75824175824176,74.3,42.5,31.799999999999997
New Zealand,2016,60.883701657458566,73.8,44.8,29.0
New Zealand,2017,60.52219178082191,72.1,43.0,29.099999999999994
New Zealand,2018,60.57950138504155,75.2,43.9,31.300000000000004
New Zealand,2019,60.56267409470752,73.5,46.4,27.1
New Zealand,2020,65.10373134328358,74.2,51.0,23.200000000000003
Nicaragua,2006,81.80798898071625,90.5,72.0,18.5
Nicaragua,2007,81.72362637362637,92.8,76.1,16.700000000000003
Nicaragua,2008,81.17346368715083,89.9,74.4,15.5
Nicaragua,2009,81.91703296703297,92.1,75.6,16.5
Nicaragua,2010,81.41662049861496,91.6,74.9,16.69999999999999
Nicaragua,2011,81.19203296703297,88.9,75.0,13.900000000000006
Nicaragua,2012,81.23205479452055,89.2,74.1,15.100000000000009
Nicaragua,2013,81.9186301369863,88.9,75.4,13.5
Nicaragua,2014,82.54931129476584,92.4,77.0,15.400000000000006
Nicaragua,2015,83.11717451523546,89.6,78.1,11.5
Nicaragua,2016,82.69146005509641,90.9,75.4,15.5
Nicaragua,2017,81.4904109589041,88.2,74.6,13.600000000000009
Nicaragua,2018,81.28555555555555,88.2,74.3,13.900000000000006
Nicaragua,2019,82.13593314763231,88.6,76.5,12.099999999999994
Nicaragua,2020,82.91681415929204,87.9,78.2,9.700000000000003
Nigeria,2006,84.57492012779554,98.7,69.3,29.400000000000006
Nigeria,2007,83.94581993569132,99.6,68.1,31.5
Nigeria,2008,82.78279386712096,100.7,63.5,37.2
Nigeria,2009,83.55972222222222,98.9,67.0,31.900000000000006
Nigeria,2010,83.92572614107884,102.0,69.7,32.3
Nigeria,2012,82.97239944521498,99.0,68.6,30.400000000000006
Nigeria,2013,83.39642346208869,99.1,70.5,28.599999999999994
Nigeria,2015,83.6939577039275,100.8,68.0,32.8
Nigeria,2016,84.24171270718232,100.7,71.1,29.60000000000001
Nigeria,2017,83.7905487804878,99.8,71.7,28.099999999999994
Nigeria,2018,84.06671348314607,98.9,68.0,30.900000000000006
Nigeria,2019,84.09342657342658,101.8,71.4,30.39999999999999
Nigeria,2020,85.74402985074627,100.7,67.0,33.7
North Macedonia,2007,55.68763736263736,88.0,22.4,65.6
North Macedonia,2009,54.62307692307692,83.2,15.9,67.3
North Macedonia,2010,55.22301369863014,84.2,12.8,71.4
North Macedonia,2011,53.74986301369863,84.2,20.4,63.800000000000004
North Macedonia,2012,55.05081967213114,86.3,8.7,77.6
North Macedonia,2013,55.56575342465754,83.7,21.0,62.7
North Macedonia,2014,55.7521978021978,81.8,18.8,63.0
North Macedonia,2015,55.31181318681319,86.8,15.8,71.0
North Macedonia,2016,54.910497237569054,84.4,18.9,65.5
North Macedonia,2017,54.86904109589041,86.3,4.3,82.0
North Macedonia,2018,56.013850415512465,79.8,20.5,59.3
North Macedonia,2019,56.80863509749303,85.2,20.5,64.7
North Macedonia,2020,44.53358208955224,68.3,24.9,43.4
Norway,2006,43.173972602739724,71.6,6.4,65.19999999999999
Norway,2008,43.632443820224715,73.7,8.4,65.3
Norway,2012,40.830601092896174,70.3,-0.3,70.6
Norway,2014,44.24368131868132,75.7,-0.4,76.10000000000001
Norway,2015,43.11483516483516,69.4,8.8,60.60000000000001
Norway,2016,42.501381215469614,69.8,1.6,68.2
Norway,2017,41.87452054794521,65.4,6.8,58.60000000000001
Norway,2018,42.89972375690608,77.1,5.6,71.5
Norway,2019,42.129526462395546,75.1,6.5,68.6
Norway,2020,37.0455223880597,54.2,19.1,35.1
Oman,2011,83.24822006472492,104.6,69.8,34.8
Pakistan,2005,75.08972602739726,99.2,42.1,57.1
Pakistan,2007,76.20879120879121,97.4,43.7,53.7
Pakistan,2008,75.53237311385459,94.9,40.9,54.00000000000001
Pakistan,2009,76.53787878787878,98.4,47.8,50.60000000000001
Pakistan,2010,76.61904109589041,97.5,47.1,50.4
Pakistan,2011,75.77917808219179,95.7,43.4,52.300000000000004
Pakistan,2012,75.67937158469945,102.4,42.9,59.50000000000001
Pakistan,2013,76.01465753424657,99.9,41.5,58.400000000000006
Pakistan,2014,75.4217032967033,97.6,36.2,61.39999999999999
Pakistan,2015,76.00700549450549,99.7,47.0,52.7
Pakistan,2016,76.9607438016529,96.2,43.7,52.5
Pakistan,2017,76.49259259259259,99.1,45.8,53.3
Pakistan,2018,76.9770083102493,101.3,46.5,54.8
Pakistan,2019,74.60934579439252,96.3,39.9,56.4
Pakistan,2020,69.09578544061303,90.6,43.9,46.699999999999996
Panama,2006,80.43878116343491,87.1,75.8,11.299999999999997
Panama,2007,80.90083333333334,87.1,76.2,10.899999999999991
Panama,2008,80.4695530726257,90.6,74.2,16.39999999999999
Panama,2009,81.21813186813188,87.3,77.4,9.899999999999991
Panama,2010,81.15977961432507,87.4,74.2,13.200000000000003
Panama,2011,80.13342465753425,85.6,74.4,11.199999999999989
Panama,2012,80.93251366120218,86.6,76.7,9.899999999999991
Panama,2013,81.35000000000001,90.5,76.0,14.5
Panama,2014,81.55564738292011,90.3,75.8,14.5
Panama,2015,82.42243767313019,90.1,75.6,14.5
Panama,2016,81.01194444444444,87.2,73.9,13.299999999999997
Panama,2017,80.27493112947658,88.3,75.7,12.599999999999994
Panama,2018,79.89554317548746,84.5,75.4,9.099999999999994
Panama,2019,80.60557103064068,85.2,76.0,9.200000000000003
Peru,2006,67.40219178082192,76.4,60.4,16.000000000000007
Peru,2007,65.43324175824176,77.6,57.5,20.099999999999994
Peru,2008,67.47774725274725,77.9,61.2,16.700000000000003
Peru,2009,67.74587912087912,76.6,61.3,15.299999999999997
Peru,2010,66.65917808219177,77.7,58.5,19.200000000000003
Peru,2011,66.9772602739726,76.8,60.1,16.699999999999996
Peru,2012,68.47295081967212,77.7,60.9,16.800000000000004
Peru,2013,66.15643835616439,79.7,59.1,20.6
Peru,2014,67.53516483516484,76.3,60.0,16.299999999999997
Peru,2015,69.61708074534161,79.9,63.1,16.800000000000004
Philippines,2006,82.36082191780822,90.1,74.6,15.5
Philippines,2007,82.56758241758241,89.1,72.0,17.099999999999994
Philippines,2008,81.94848484848485,87.3,75.2,12.099999999999994
Philippines,2009,81.66538461538461,87.2,74.2,13.0
Philippines,2010,83.27972602739726,90.2,76.4,13.799999999999997
Philippines,2011,81.82931506849316,88.6,76.1,12.5
Philippines,2012,82.40983606557377,88.4,74.9,13.5
Philippines,2013,82.76098901098901,89.0,75.5,13.5
Philippines,2014,82.56969696969696,91.9,74.9,17.0
Philippines,2015,83.01483516483516,89.7,70.9,18.799999999999997
Philippines,2016,83.65828729281768,90.0,77.0,13.0
Philippines,2017,83.10246575342467,89.2,74.9,14.299999999999997
Philippines,2018,83.07611111111112,91.4,75.7,15.700000000000003
Philippines,2019,83.48133704735376,89.7,77.4,12.299999999999997
Philippines,2020,83.81567164179104,91.9,75.5,16.400000000000006
Poland,2005,47.6013698630137,78.1,12.6,65.5
Poland,2007,49.526923076923076,81.9,14.4,67.5
Poland,2009,47.840109890109886,78.5,2.7,75.8
Poland,2010,46.33561643835616,84.1,-2.9,87.0
Poland,2011,48.36821917808219,76.4,8.2,68.2
Poland,2012,47.66010928961748,79.8,-1.6,81.39999999999999
Poland,2013,48.01205479452055,84.2,8.0,76.2
Poland,2014,49.612637362637365,77.4,5.5,71.9
Poland,2015,50.995879120879124,84.4,16.7,67.7
Poland,2016,49.86546961325967,81.8,5.8,76.0
Poland,2017,49.206575342465754,81.1,4.0,77.1
Poland,2018,51.29750692520776,80.4,11.1,69.30000000000001
Poland,2019,51.84540389972145,83.5,19.6,63.9
Poland,2020,42.59776119402985,63.5,31.5,32.0
Portugal,2006,63.497527472527466,87.4,41.4,46.00000000000001
Portugal,2008,62.32383561643836,79.6,45.4,34.199999999999996
Portugal,2010,63.18027397260274,90.8,42.7,48.099999999999994
Portugal,2011,63.333241758241755,83.2,42.6,40.6
Portugal,2012,61.049041095890416,87.1,41.9,45.199999999999996
Portugal,2013,61.391184573002754,87.2,44.1,43.1
Portugal,2014,61.78104395604395,83.1,43.3,39.8
Portugal,2015,62.1198347107438,82.6,39.1,43.49999999999999
Portugal,2016,62.23342541436464,88.1,43.9,44.199999999999996
Portugal,2017,62.83068493150685,88.3,41.2,47.099999999999994
Portugal,2018,61.34598337950139,96.3,45.0,51.3
Portugal,2019,61.940111420612816,83.0,44.3,38.7
Portugal,2020,56.45037593984962,70.3,45.4,24.9
Qatar,2009,83.25384615384615,106.8,55.5,51.3
Qatar,2010,84.45260273972603,108.0,60.7,47.3
Qatar,2011,83.32575342465753,105.9,61.0,44.900000000000006
Qatar,2012,83.79918032786885,106.4,54.5,51.900000000000006
Qatar,2015,84.31132596685083,107.0,58.2,48.8
Romania,2005,51.49095890410959,81.4,6.1,75.30000000000001
Romania,2007,54.7239010989011,87.6,16.1,71.5
Romania,2009,53.774450549450556,82.6,13.3,69.3
Romania,2010,52.785479452054794,84.7,1.9,82.8
Romania,2011,52.030410958904106,81.9,13.3,68.60000000000001
Romania,2012,53.75846994535519,88.3,2.1,86.2
Romania,2013,53.59835616438357,82.4,13.4,69.0
Romania,2014,53.2282967032967,82.2,5.1,77.10000000000001
Romania,2015,54.53076923076923,84.5,5.7,78.8
Romania,2016,53.7024861878453,83.7,5.1,78.60000000000001
Romania,2017,53.399726027397264,85.7,8.5,77.2
Romania,2018,54.5328729281768,81.3,12.5,68.8
Romania,2019,55.58495821727019,81.2,18.1,63.1
Romania,2020,45.7410447761194,71.6,22.5,49.099999999999994
Russia,2006,40.98301369863014,76.6,-20.4,97.0
Russia,2007,43.89642857142857,79.0,-7.1,86.1
Russia,2008,44.1782967032967,78.7,-1.0,79.7
Russia,2009,42.51868131868132,74.7,-10.8,85.5
Russia,2010,43.459452054794525,87.3,-7.9,95.2
Russia,2011,43.42219178082192,82.2,-6.6,88.8
Russia,2012,41.6275956284153,78.2,-11.6,89.8
Russia,2013,43.326027397260276,79.0,4.9,74.1
Russia,2014,43.70934065934066,79.5,-7.5,87.0
Russia,2015,44.64587912087912,75.4,-4.1,79.5
Russia,2016,43.13646408839779,78.1,-0.7,78.8
Russia,2017,42.470684931506845,76.5,-14.6,91.1
Russia,2018,43.08861111111111,76.5,0.2,76.3
Russia,2019,45.1966573816156,77.1,5.2,71.89999999999999
Russia,2020,36.78283582089552,61.5,12.9,48.6
Saudi Arabia,2005,79.6413698630137,102.7,45.2,57.5
Saudi Arabia,2007,80.75618131868131,104.7,43.8,60.900000000000006
Saudi Arabia,2008,80.34313186813188,103.5,38.0,65.5
Saudi Arabia,2009,81.02815934065934,105.3,43.1,62.199999999999996
Saudi Arabia,2010,81.36917808219178,103.7,46.9,56.800000000000004
Saudi Arabia,2011,79.64326923076923,104.4,46.6,57.800000000000004
Saudi Arabia,2012,80.20662068965518,104.8,45.3,59.5
Saudi Arabia,2013,79.79191780821918,103.8,47.1,56.699999999999996
Saudi Arabia,2014,80.68038674033149,102.9,48.1,54.800000000000004
Saudi Arabia,2015,82.52936962750717,107.2,46.3,60.900000000000006
Saudi Arabia,2016,80.73825966850829,107.8,43.4,64.4
Saudi Arabia,2017,81.42293956043956,106.5,43.5,63.0
Saudi Arabia,2018,82.04847222222223,106.0,51.0,55.0
Saudi Arabia,2019,81.66392757660167,105.7,51.6,54.1
Saudi Arabia,2020,70.97752808988764,93.3,45.1,48.199999999999996
Senegal,2006,76.3013698630137,85.8,63.9,21.9
Senegal,2007,76.26895604395605,87.0,67.4,19.599999999999994
Senegal,2008,77.14285714285714,84.5,69.4,15.099999999999994
Senegal,2009,75.65521978021978,85.8,64.8,21.0
Senegal,2010,77.87232876712329,84.6,68.5,16.099999999999994
Senegal,2011,76.56438356164384,86.3,66.5,19.799999999999997
Senegal,2012,76.3620218579235,85.0,64.9,20.099999999999994
Senegal,2013,76.58082191780822,84.9,66.7,18.200000000000003
Senegal,2014,76.05357142857143,85.6,63.2,22.39999999999999
Senegal,2015,76.60274725274725,86.1,64.7,21.39999999999999
Senegal,2016,76.8085635359116,85.1,65.4,19.69999999999999
Senegal,2017,77.29178082191781,87.0,66.2,20.799999999999997
Senegal,2018,74.9913407821229,85.0,63.7,21.299999999999997
Senegal,2019,76.44707520891365,86.0,67.3,18.700000000000003
Senegal,2020,73.61268656716418,84.6,64.8,19.799999999999997
Sierra Leone,2006,81.92056074766356,88.4,73.4,15.0
Sierra Leone,2007,81.5242957746479,87.3,57.8,29.5
Sierra Leone,2008,81.95973154362416,86.5,73.8,12.700000000000003
Sierra Leone,2010,82.50833333333333,88.7,75.2,13.5
Sierra Leone,2011,81.27777777777777,86.7,65.8,20.900000000000006
Singapore,2006,82.04328767123287,85.6,74.4,11.199999999999989
Singapore,2007,81.65934065934066,86.1,75.3,10.799999999999997
Singapore,2008,81.56136986301371,86.0,74.0,12.0
Singapore,2009,82.37774725274726,87.1,76.5,10.599999999999994
Singapore,2010,82.67616438356164,87.1,76.7,10.399999999999991
Singapore,2011,81.75369863013698,86.8,74.2,12.599999999999994
Singapore,2013,81.9227397260274,86.7,75.0,11.700000000000003
Singapore,2014,82.36153846153846,87.1,75.6,11.5
Singapore,2015,82.97472527472527,86.6,76.6,10.0
Singapore,2016,83.29530386740332,87.6,77.1,10.5
Singapore,2017,81.98821917808219,86.2,75.3,10.900000000000006
Singapore,2018,82.33545706371191,87.2,73.3,13.900000000000006
Singapore,2019,83.32144846796658,88.0,75.5,12.5
Slovakia,2006,51.80767123287671,84.0,5.6,78.4
Slovakia,2010,50.053424657534244,82.9,14.2,68.7
Slovakia,2011,51.98986301369863,81.5,12.3,69.2
Slovakia,2012,52.88387978142077,85.1,11.7,73.39999999999999
Slovakia,2013,52.18109589041096,85.5,16.9,68.6
Slovakia,2014,53.95247252747253,80.6,17.5,63.099999999999994
Slovakia,2015,53.651923076923076,84.9,24.3,60.60000000000001
Slovakia,2016,52.35662983425414,81.8,18.3,63.5
Slovakia,2017,52.719452054794516,85.5,13.6,71.9
Slovakia,2018,54.251800554016626,81.3,16.6,64.69999999999999
Slovakia,2019,54.25403899721449,81.5,22.2,59.3
Slovakia,2020,44.669402985074626,66.1,27.2,38.89999999999999
South Africa,2006,62.43095890410959,78.4,48.5,29.900000000000006
South Africa,2007,62.56115702479339,82.0,47.8,34.2
South Africa,2008,62.5684065934066,77.2,49.2,28.0
South Africa,2009,63.24368131868132,83.8,49.3,34.5
South Africa,2010,62.763287671232874,82.5,47.3,35.2
South Africa,2011,62.46876712328767,81.5,48.6,32.9
South Africa,2012,62.61639344262295,80.0,47.9,32.1
South Africa,2013,62.70191780821918,79.9,48.4,31.500000000000007
South Africa,2014,63.29807692307692,81.2,45.0,36.2
South Africa,2015,62.932782369146004,83.7,46.9,36.800000000000004
South Africa,2016,63.36685082872928,81.8,47.0,34.8
South Africa,2017,62.64630136986302,80.8,48.0,32.8
South Africa,2018,62.82083333333333,82.4,48.3,34.10000000000001
South Africa,2019,63.06378830083566,78.1,48.3,29.799999999999997
South Africa,2020,67.01940298507463,77.4,54.0,23.400000000000006
South Korea,2006,54.02191780821918,84.2,8.9,75.3
South Korea,2007,54.07713498622589,85.7,19.1,66.6
South Korea,2008,53.93791208791209,87.9,14.7,73.2
South Korea,2009,53.7456043956044,83.8,11.5,72.3
South Korea,2010,53.08575342465753,85.7,5.5,80.2
South Korea,2011,52.625205479452056,84.1,6.1,78.0
South Korea,2012,52.728142076502735,89.3,5.5,83.8
South Korea,2013,53.10794520547945,85.6,5.3,80.3
South Korea,2014,54.589835164835165,88.1,16.1,72.0
South Korea,2015,55.18736263736264,84.6,14.2,70.39999999999999
South Korea,2016,55.46519337016575,86.5,7.9,78.6
South Korea,2017,54.13534246575343,87.0,14.1,72.9
South Korea,2018,54.24444444444445,90.0,4.9,85.1
South Korea,2019,55.094986072423396,89.4,19.9,69.5
South Korea,2020,43.53805970149254,70.2,16.5,53.7
Spain,2005,60.36392694063927,89.6,28.0,61.599999999999994
Spain,2007,58.472252747252746,84.9,30.2,54.7
Spain,2008,58.89945054945055,86.8,33.6,53.199999999999996
Spain,2009,60.22637362637362,84.7,28.1,56.6
Spain,2010,58.78,86.2,26.8,59.400000000000006
Spain,2011,60.99899543378995,87.6,31.6,55.99999999999999
Spain,2012,60.145081967213116,89.4,31.1,58.300000000000004
Spain,2013,59.63835616438356,86.2,34.4,51.800000000000004
Spain,2014,61.47783882783883,87.9,32.6,55.300000000000004
Spain,2015,61.071794871794864,90.1,34.0,56.099999999999994
Spain,2016,60.63360957642726,88.9,29.5,59.400000000000006
Spain,2017,60.72456621004566,90.1,31.6,58.49999999999999
Spain,2018,60.441068139963164,91.0,31.5,59.5
Spain,2019,60.58841519925858,90.3,32.9,57.4
Spain,2020,53.83233830845771,74.5,32.2,42.3
Sri Lanka,2006,81.15287671232876,86.4,75.2,11.200000000000003
Sri Lanka,2007,81.42445054945055,86.5,75.6,10.900000000000006
Sri Lanka,2008,81.01404958677685,85.5,74.4,11.099999999999994
Sri Lanka,2009,81.54093406593407,87.2,75.5,11.700000000000003
Sri Lanka,2010,81.56219178082192,87.1,74.6,12.5
Sri Lanka,2011,81.48438356164384,85.8,70.3,15.5
Sri Lanka,2012,81.52307692307693,86.2,75.9,10.299999999999997
Sri Lanka,2013,81.27203389830508,86.5,75.5,11.0
Sri Lanka,2014,81.35013774104682,85.9,74.0,11.900000000000006
Sri Lanka,2015,81.60219780219781,85.8,76.6,9.200000000000003
Sri Lanka,2017,81.67479452054795,86.7,75.0,11.700000000000003
Sri Lanka,2018,80.65487465181059,86.0,73.8,12.200000000000003
Sri Lanka,2019,81.84401114206128,86.1,75.2,10.899999999999991
Sri Lanka,2020,83.14925373134328,86.9,78.3,8.600000000000009
Suriname,2012,79.42404371584699,86.0,74.7,11.299999999999997
Sweden,2005,45.63095890410959,77.5,9.5,68.0
Sweden,2007,46.294230769230765,71.9,9.2,62.7
Sweden,2008,46.86821917808219,73.3,22.1,51.199999999999996
Sweden,2009,45.21923076923077,73.0,11.7,61.3
Sweden,2010,42.040547945205475,79.1,-0.4,79.5
Sweden,2011,46.61095890410959,72.9,3.1,69.80000000000001
Sweden,2012,44.27431693989071,70.5,6.1,64.4
Sweden,2013,45.18109589041096,71.2,2.4,68.8
Sweden,2014,47.06181318681319,77.1,13.8,63.3
Sweden,2015,46.572527472527476,73.1,22.3,50.8
Sweden,2016,45.876519337016575,73.0,5.6,67.4
Sweden,2017,45.47041095890411,69.7,10.5,59.2
Sweden,2018,47.06786703601108,79.0,10.1,68.9
Sweden,2019,46.57298050139276,77.4,17.2,60.2
Sweden,2020,39.83656716417911,51.8,22.9,28.9
Switzerland,2006,51.01607305936073,81.6,18.1,63.49999999999999
Switzerland,2009,51.170146520146524,82.4,17.2,65.2
Switzerland,2012,50.143806921675775,80.1,4.7,75.39999999999999
Switzerland,2014,51.53818681318681,77.9,18.8,59.10000000000001
Switzerland,2015,51.3996336996337,85.2,15.0,70.2
Switzerland,2016,50.382872928176795,78.1,13.7,64.39999999999999
Switzerland,2017,50.77004566210045,84.1,12.2,71.89999999999999
Switzerland,2018,52.536077705827935,80.9,14.5,66.4
Switzerland,2019,51.518198700092846,82.6,25.8,56.8
Switzerland,2020,45.115422885572144,67.1,26.7,40.39999999999999
Syria,2008,63.92109589041096,90.5,26.8,63.7
Syria,2009,63.66456043956045,86.8,31.2,55.599999999999994
Syria,2010,66.6972602739726,95.5,35.7,59.8
Syria,2011,62.44219178082192,90.9,36.4,54.50000000000001
Syria,2012,65.07658402203856,95.0,35.1,59.9
Syria,2013,64.05150684931506,87.3,33.6,53.699999999999996
Syria,2015,64.28898071625345,94.6,30.5,64.1
Taiwan,2006,74.3882191780822,90.0,50.7,39.3
Taiwan,2008,74.15808219178082,89.5,49.1,40.4
Taiwan,2010,73.77342465753425,91.7,47.8,43.900000000000006
Taiwan,2011,72.79397260273973,89.1,48.2,40.89999999999999
Taiwan,2012,73.29535519125683,90.3,48.4,41.9
Taiwan,2013,73.75479452054795,89.8,51.6,38.199999999999996
Taiwan,2014,74.00027472527472,94.0,48.4,45.6
Taiwan,2015,74.57939560439561,90.1,52.8,37.3
Taiwan,2016,74.72292817679558,91.5,41.5,50.0
Taiwan,2017,75.04301369863013,92.5,51.7,40.8
Taiwan,2018,75.4575,91.0,47.8,43.2
Taiwan,2019,75.6158774373259,92.2,55.3,36.900000000000006
Taiwan,2020,68.64328358208955,87.3,52.2,35.099999999999994
Tajikistan,2006,61.335068493150686,87.8,20.1,67.69999999999999
Tajikistan,2007,60.42032967032967,89.9,20.4,69.5
Tajikistan,2008,60.53791208791208,90.3,9.8,80.5
Tajikistan,2009,60.068131868131864,87.3,27.7,59.599999999999994
Tajikistan,2010,61.10493150684931,88.7,18.2,70.5
Tajikistan,2011,60.70109589041096,90.3,15.2,75.1
Tajikistan,2012,58.57322404371585,86.3,10.9,75.39999999999999
Tajikistan,2013,61.01013698630137,90.0,20.8,69.2
Tajikistan,2014,59.31483516483516,88.1,7.5,80.6
Tajikistan,2015,61.2032967032967,90.7,23.7,67.0
Tajikistan,2016,62.521763085399456,90.4,19.9,70.5
Tajikistan,2017,61.80191780821918,92.6,23.8,68.8
Tajikistan,2018,61.65509641873278,91.9,18.6,73.30000000000001
Tajikistan,2019,61.36666666666667,89.9,29.1,60.800000000000004
Tajikistan,2020,50.42537313432836,73.8,29.5,44.3
Tanzania,2006,79.13511235955056,88.4,70.5,17.900000000000006
Tanzania,2007,79.43571428571428,84.9,71.7,13.200000000000003
Tanzania,2008,78.77097701149425,85.2,72.4,12.799999999999997
Tanzania,2009,79.5254189944134,85.6,72.6,13.0
Tanzania,2010,80.47058823529412,87.0,68.6,18.400000000000006
Tanzania,2011,79.37444444444444,87.1,70.6,16.5
Tanzania,2012,79.32445054945055,85.8,71.9,13.899999999999991
Tanzania,2013,79.61652892561983,85.5,72.0,13.5
Tanzania,2014,79.6138888888889,88.9,71.1,17.80000000000001
Tanzania,2015,80.33805555555556,86.6,71.6,15.0
Tanzania,2016,80.2286111111111,87.7,70.9,16.799999999999997
Tanzania,2017,79.81534246575342,86.7,73.6,13.100000000000009
Tanzania,2018,79.5377094972067,85.4,72.8,12.600000000000009
Tanzania,2019,80.14888888888889,87.6,73.5,14.099999999999994
Tanzania,2020,81.6455223880597,85.5,75.5,10.0
Thailand,2006,85.13972602739726,91.0,73.2,17.799999999999997
Thailand,2007,84.23653846153846,92.1,74.2,17.89999999999999
Thailand,2008,83.191643454039,88.9,72.4,16.5
Thailand,2009,83.20659340659341,90.7,68.4,22.299999999999997
Thailand,2010,84.15232876712328,92.7,71.8,20.900000000000006
Thailand,2011,82.7841059602649,89.0,65.0,24.0
Togo,2006,81.77253731343284,86.4,73.5,12.900000000000006
Togo,2008,81.23730886850153,88.5,74.8,13.700000000000003
Togo,2011,81.10391061452515,86.3,74.9,11.399999999999991
Togo,2014,81.42417582417583,87.2,74.9,12.299999999999997
Togo,2015,81.6879120879121,86.8,76.2,10.599999999999994
Togo,2016,82.17348066298342,87.4,76.1,11.300000000000011
Togo,2017,81.9868131868132,86.9,74.7,12.200000000000003
Togo,2018,81.88515406162465,86.1,76.3,9.799999999999997
Togo,2019,82.27724719101124,87.6,76.0,11.599999999999994
Tunisia,2009,67.28434065934066,93.7,44.4,49.300000000000004
Tunisia,2010,67.15178082191781,90.3,44.3,46.0
Tunisia,2011,67.13698630136986,91.8,47.0,44.8
Tunisia,2012,68.20247252747252,91.9,41.1,50.800000000000004
Tunisia,2013,67.30219178082191,95.6,45.2,50.39999999999999
Tunisia,2014,68.27499999999999,89.1,42.4,46.699999999999996
Tunisia,2015,67.41785714285714,91.5,46.8,44.7
Tunisia,2016,67.67762430939226,89.5,47.8,41.7
Tunisia,2017,67.02301369863014,95.3,41.9,53.4
Tunisia,2018,67.28365650969529,90.6,47.8,42.8
Tunisia,2019,67.4058495821727,94.6,45.2,49.39999999999999
Tunisia,2020,59.53208955223881,76.7,46.9,29.800000000000004
Turkmenistan,2009,63.33379120879121,95.1,29.1,66.0
Turkmenistan,2011,62.83643835616438,99.8,26.4,73.4
Turkmenistan,2012,63.44508196721312,95.4,6.9,88.5
Turkmenistan,2013,65.19150684931508,96.1,29.6,66.5
Turkmenistan,2014,63.93324175824176,96.1,6.8,89.3
Turkmenistan,2015,65.05521978021977,100.3,26.1,74.19999999999999
Turkmenistan,2016,64.81243093922652,96.7,18.1,78.6
Turkmenistan,2017,64.49753424657534,98.5,25.3,73.2
Turkmenistan,2018,65.45,102.2,17.4,84.80000000000001
Turkmenistan,2019,65.19387186629525,98.7,27.7,71.0
Trkiye,2005,54.828630136986305,83.8,15.2,68.6
Trkiye,2007,56.75906593406593,87.0,20.5,66.5
Trkiye,2008,55.74519230769231,82.6,3.9,78.69999999999999
Trkiye,2009,56.18928571428572,82.2,15.0,67.2
Trkiye,2010,57.958082191780825,86.9,14.6,72.30000000000001
Trkiye,2011,54.25835616438356,83.1,19.9,63.199999999999996
Trkiye,2012,56.30573770491804,87.9,3.4,84.5
Trkiye,2013,56.59342465753424,82.9,16.9,66.0
Trkiye,2014,57.779532967032964,85.3,25.0,60.3
Trkiye,2015,56.651923076923076,87.1,8.5,78.6
Trkiye,2016,56.94709944751381,85.3,7.6,77.7
Trkiye,2017,56.287945205479446,88.7,14.0,74.7
Trkiye,2018,58.765145228215765,84.1,16.5,67.6
Trkiye,2019,57.54345403899721,84.1,13.0,71.1
Trkiye,2020,45.80149253731343,71.5,20.9,50.6
Uganda,2006,72.36952908587259,82.6,65.7,16.89999999999999
Uganda,2007,72.35274725274725,79.0,65.6,13.400000000000006
Uganda,2008,72.18926553672317,78.8,66.1,12.700000000000003
Uganda,2009,72.77638483965015,82.5,64.9,17.599999999999994
Uganda,2010,72.98163265306123,81.1,66.7,14.399999999999991
Uganda,2011,72.32787356321839,81.0,64.9,16.099999999999994
Uganda,2012,72.67859327217126,80.8,64.4,16.39999999999999
Uganda,2013,72.91932203389831,79.4,65.1,14.300000000000011
Uganda,2014,72.62035398230088,78.2,66.6,11.600000000000009
Uganda,2015,73.2174515235457,78.8,68.1,10.700000000000003
Uganda,2016,73.80688705234161,79.1,67.0,12.099999999999994
Uganda,2017,72.87808219178082,77.9,66.3,11.600000000000009
Uganda,2018,72.17583333333333,77.6,65.2,12.399999999999991
Uganda,2019,73.04131054131054,82.0,66.2,15.799999999999997
Uganda,2020,74.06030534351144,78.2,68.7,9.5
Ukraine,2006,47.006027397260276,78.5,-11.1,89.6
Ukraine,2007,49.66639118457301,84.8,5.6,79.2
Ukraine,2008,49.20986301369862,82.8,6.5,76.3
Ukraine,2009,48.860989010989016,81.2,1.0,80.2
Ukraine,2010,48.9013698630137,86.9,-2.0,88.9
Ukraine,2011,48.41698630136987,79.3,6.6,72.7
Ukraine,2012,47.65846994535519,81.8,-9.3,91.1
Ukraine,2013,48.51835616438356,77.7,11.1,66.60000000000001
Ukraine,2014,48.31978021978022,81.7,-3.2,84.9
Ukraine,2015,50.315934065934066,81.6,7.7,73.89999999999999
Ukraine,2016,48.60441988950276,80.5,-0.2,80.7
Ukraine,2017,49.11342465753425,81.9,0.9,81.0
Ukraine,2018,48.92216066481995,78.4,5.6,72.80000000000001
Ukraine,2019,50.44930747922438,80.9,11.3,69.60000000000001
Ukraine,2020,41.29328358208955,67.4,21.7,45.7
United Arab Emirates,2006,82.67005494505494,103.2,61.7,41.5
United Arab Emirates,2009,83.23076923076923,101.2,58.4,42.800000000000004
United Arab Emirates,2010,84.53191780821918,106.8,61.4,45.4
United Arab Emirates,2011,83.87013698630136,102.4,62.8,39.60000000000001
United Arab Emirates,2012,83.97554644808743,106.2,57.5,48.7
United Arab Emirates,2013,83.38493150684931,107.5,60.6,46.9
United Arab Emirates,2014,83.58612637362637,103.4,60.8,42.60000000000001
United Arab Emirates,2015,85.23942307692307,107.0,63.3,43.7
United Arab Emirates,2016,84.44212707182321,107.0,62.9,44.1
United Arab Emirates,2017,85.43835616438356,106.7,59.3,47.400000000000006
United Arab Emirates,2018,85.35944444444445,107.3,62.7,44.599999999999994
United Arab Emirates,2019,84.75153203342619,104.2,64.7,39.5
United Arab Emirates,2020,76.09242424242424,96.3,62.6,33.699999999999996
United Kingdom,2005,51.37023319615913,78.5,30.2,48.3
United Kingdom,2007,51.76643741403026,71.4,31.2,40.2
United Kingdom,2008,50.73058984910836,73.9,30.5,43.400000000000006
United Kingdom,2009,51.0506189821183,75.5,26.8,48.7
United Kingdom,2010,50.20013755158185,73.2,12.5,60.7
United Kingdom,2011,52.55006858710563,76.6,27.8,48.8
United Kingdom,2012,51.17203856749312,75.6,27.1,48.49999999999999
United Kingdom,2013,51.19698216735254,78.0,29.4,48.6
United Kingdom,2014,53.349381017881704,75.3,33.0,42.3
United Kingdom,2015,52.09986244841816,82.3,32.2,50.099999999999994
United Kingdom,2016,52.223236514522824,77.8,32.3,45.5
United Kingdom,2017,52.611917808219175,78.3,31.0,47.3
United Kingdom,2018,52.18404993065187,79.9,24.6,55.300000000000004
United Kingdom,2019,52.001114206128136,83.4,31.4,52.00000000000001
United Kingdom,2020,46.64888059701492,64.1,35.9,28.199999999999996
United States,2006,57.740999809922066,107.5,-45.8,153.3
United States,2007,57.100242004282954,104.4,-40.8,145.2
United States,2008,55.96760784313725,102.9,-41.4,144.3
United States,2009,55.8802676924148,103.3,-43.4,146.7
United States,2010,56.790415474778484,103.4,-36.0,139.4
United States,2011,57.07877121810612,103.1,-36.0,139.1
United States,2012,58.67791737649063,103.4,-47.7,151.10000000000002
United States,2013,55.96820865966139,104.9,-42.2,147.10000000000002
United States,2014,55.689781884602986,103.8,-35.1,138.9
United States,2015,57.542059071125365,105.1,-37.0,142.1
United States,2016,58.31625614003751,107.7,-28.7,136.4
United States,2017,57.94339487491718,105.2,-43.7,148.9
United States,2018,57.03916554749754,105.0,-28.2,133.2
United States,2019,56.78060730920817,105.7,-38.5,144.2
United States,2020,47.39967801736755,91.3,-39.5,130.8
Uruguay,2006,61.904931506849316,80.9,41.5,39.400000000000006
Uruguay,2007,60.81895604395604,83.5,37.4,46.1
Uruguay,2008,62.112947658402206,84.7,43.8,40.900000000000006
Uruguay,2009,61.481043956043955,83.1,38.6,44.49999999999999
Uruguay,2010,61.924109589041095,79.7,39.2,40.5
Uruguay,2011,61.2827397260274,81.3,39.3,42.0
Uruguay,2012,62.82704918032787,85.2,40.5,44.7
Uruguay,2013,61.62328767123287,86.0,39.6,46.4
Uruguay,2014,62.8793956043956,84.7,40.8,43.900000000000006
Uruguay,2015,62.801648351648346,81.3,40.5,40.8
Uruguay,2016,61.68870523415978,83.3,44.2,39.099999999999994
Uruguay,2017,63.707945205479454,81.8,41.6,40.199999999999996
Uruguay,2018,62.49111111111111,81.0,40.9,40.1
Uruguay,2019,62.190250696378826,84.3,41.2,43.099999999999994
Uruguay,2020,68.82611940298509,82.3,52.5,29.799999999999997
Uzbekistan,2006,61.55726027397261,92.4,19.0,73.4
Uzbekistan,2008,60.65631868131869,93.6,7.8,85.8
Uzbekistan,2009,61.029120879120875,90.7,24.9,65.80000000000001
Uzbekistan,2010,62.28465753424658,93.5,18.1,75.4
Uzbekistan,2011,60.46493150684932,93.9,15.2,78.7
Uzbekistan,2012,58.93825136612022,90.7,3.8,86.9
Uzbekistan,2013,61.2841095890411,93.7,21.2,72.5
Uzbekistan,2014,58.871153846153845,93.0,8.7,84.3
Uzbekistan,2015,61.32225274725275,93.5,23.0,70.5
Uzbekistan,2016,62.14779005524862,92.4,19.6,72.80000000000001
Uzbekistan,2017,60.726027397260275,95.4,21.0,74.4
Uzbekistan,2018,60.83434903047092,93.4,13.7,79.7
Uzbekistan,2019,62.0016713091922,94.5,26.8,67.7
Uzbekistan,2020,51.38805970149254,81.7,27.0,54.7
Venezuela,2005,82.28082191780823,87.8,74.0,13.799999999999997
Venezuela,2006,81.26236263736264,86.1,74.5,11.599999999999994
Venezuela,2008,81.73901098901099,87.4,74.9,12.5
Venezuela,2009,82.82637362637362,88.0,76.5,11.5
Venezuela,2010,82.6096153846154,86.8,76.4,10.399999999999991
Venezuela,2011,80.43944444444445,88.1,73.4,14.699999999999989
Venezuela,2012,81.45327868852459,87.3,75.6,11.700000000000003
Venezuela,2013,80.91506849315068,87.0,76.2,10.799999999999997
Venezuela,2014,80.64010989010988,85.4,75.4,10.0
Venezuela,2015,81.46143250688705,89.9,75.2,14.700000000000003
Venezuela,2016,81.70705521472392,87.5,76.3,11.200000000000003
Venezuela,2017,82.84457478005865,88.2,77.2,11.0
Venezuela,2018,79.96971428571429,85.6,75.3,10.299999999999997
Venezuela,2019,79.81671469740634,86.3,72.1,14.200000000000003
Venezuela,2020,80.26165413533835,87.5,77.7,9.799999999999997
Vietnam,2006,75.84904109589041,91.5,52.6,38.9
Vietnam,2007,75.8728021978022,91.7,55.5,36.2
Vietnam,2008,74.22664835164835,90.3,45.0,45.3
Vietnam,2009,76.3587912087912,91.1,52.1,38.99999999999999
Vietnam,2010,76.20794520547946,93.0,54.9,38.1
Vietnam,2011,73.58739726027397,89.1,48.4,40.699999999999996
Vietnam,2012,75.25628415300547,90.6,49.4,41.199999999999996
Vietnam,2013,75.30497237569061,91.5,49.8,41.7
Vietnam,2014,75.55412087912089,92.4,51.3,41.10000000000001
Vietnam,2015,77.1617728531856,94.5,53.7,40.8
Vietnam,2016,76.68429752066116,93.3,44.7,48.599999999999994
Vietnam,2017,76.18383561643836,96.0,56.1,39.9
Vietnam,2018,76.32797783933519,94.4,49.2,45.2
Vietnam,2019,77.23036211699164,93.2,53.3,39.900000000000006
Vietnam,2020,70.75074626865671,87.0,57.2,29.799999999999997
Zambia,2006,67.90219178082192,86.5,49.0,37.5
Zambia,2007,67.87122905027934,83.8,49.9,33.9
Zambia,2008,67.22387640449439,82.3,49.8,32.5
Zambia,2009,66.43516483516484,82.7,49.3,33.400000000000006
Zambia,2011,69.38885714285713,88.6,48.2,40.39999999999999
Zambia,2012,69.74765840220385,88.6,48.5,40.099999999999994
Zambia,2013,69.93416370106762,86.3,56.2,30.099999999999994
Zambia,2014,72.53999999999999,77.5,66.9,10.599999999999994
